Name,Quarter,Designer,Chip type,Start date,End date,Logic wafers (5th percentile),Logic wafers (median),Logic wafers (95th percentile),Logic cost (USD) (5th percentile),Logic cost (USD) (median),Logic cost (USD) (95th percentile),Logic share (%) (5th percentile),Logic share (%) (median),Logic share (%) (95th percentile),CoWoS wafers (5th percentile),CoWoS wafers (median),CoWoS wafers (95th percentile),CoWoS cost (USD) (5th percentile),CoWoS cost (USD) (median),CoWoS cost (USD) (95th percentile),CoWoS share (%) (5th percentile),CoWoS share (%) (median),CoWoS share (%) (95th percentile),HBM cost (USD) (5th percentile),HBM cost (USD) (median),HBM cost (USD) (95th percentile),HBM share (%) (5th percentile),HBM share (%) (median),HBM share (%) (95th percentile),Auxiliary cost (USD) (5th percentile),Auxiliary cost (USD) (median),Auxiliary cost (USD) (95th percentile)
AMD MI300A Q1 2024,Q1 2024,AMD,MI300A,2024-01-01,2024-03-31,77.50150274534954,127.9768771191448,181.5739528751339,1240024.0439255927,2239595.349585034,3449905.104627544,0.01584453910374651,0.027464252409197698,0.040045701994757925,365.32810103839626,586.7965775604675,819.5234604069066,3653281.0103839627,7041558.930725611,11473328.445696691,0.553527425815752,1.003071072752936,1.6069087458958953,10521836.9040397,16883333.283930294,23639012.22071491,0.38261225105598906,0.6753333313572117,1.0506227653651072,658171.4312531126,1270046.9674006496,1924408.4676187553
AMD MI300X Q1 2024,Q1 2024,AMD,MI300X,2024-01-01,2024-03-31,1152.5534854888292,1342.9301048707912,1554.437992296239,18440855.767821267,23501276.835238844,29534321.85362854,0.23562999584653696,0.2881971509098831,0.3428275896578214,5060.380495583163,5854.90647067513,6725.946558929505,50603804.95583163,70258877.64810155,94163251.82501307,7.6672431751260035,10.008387129359196,13.188130507704912,173680340.28289914,202197329.07767838,234584833.7655835,6.315648737559969,8.087893163107134,10.42599261180371,12656063.469401818,15917907.755952433,19609709.956438653
Amazon Trainium1 Q1 2024,Q1 2024,Amazon,Trainium1,2024-01-01,2024-03-31,0.0,0.0,0.0,0.0,0.0,0.0,0.0,0.0,0.0,1990.1025710195483,2980.7801011800557,4241.123769972441,19901025.71019548,35769361.214160666,59375732.779614165,3.0153069257871943,5.095350600307787,8.315928960730275,36620131.149789624,55710707.306768,81617937.22343083,1.3316411327196227,2.22842829227072,3.627463876596926,21163907.346031092,37006935.926456764,59670348.343984306
Amazon Trainium2 Q1 2024,Q1 2024,Amazon,Trainium2,2024-01-01,2024-03-31,529.1988458705356,701.8163398944358,929.439250694157,8467181.53392857,12281785.948152628,17659345.76318898,0.1081903125750211,0.15061206006625263,0.20498560870746185,831.0921108277212,1089.113945612026,1421.3171795161868,8310921.108277212,13069367.347344313,19898440.513226613,1.2592304709510926,1.8617332403624378,2.7868964304238957,31999744.91844416,42591091.95897168,56411954.941863656,1.163627087943424,1.703643678358867,2.5071979974161622,3289153.1845912472,6008720.108359376,8774880.948795868
Google TPU v5e Q1 2024,Q1 2024,Google,TPU v5e,2024-01-01,2024-03-31,2375.1669237390724,2885.2831983767715,3461.3573054853086,38002670.77982516,50492455.9715935,65765788.80422086,0.4855831676549938,0.6191911212090563,0.7633940934698106,5757.239532921436,6860.111875434877,8082.719590113257,57572395.32921436,82321342.50521852,113158074.26158561,8.723090201396115,11.726686966555345,15.848469784535798,65617781.00673182,82162803.5528523,101532848.53868221,2.3861011275175206,3.2865121421140917,4.512571046163654,85788935.18789896,105658522.91436219,127158525.7800367
Google TPU v5p Q1 2024,Q1 2024,Google,TPU v5p,2024-01-01,2024-03-31,1782.05118875226,2210.562847997924,2670.0599219178716,28512819.02003616,38684849.839963675,50731138.516439565,0.36432557750317185,0.4743939482699546,0.5888753438925256,2988.0446731839415,3647.8053396844425,4342.134787533507,29880446.731839415,43773664.07621331,60789887.025469095,4.527340413915063,6.23556468322127,8.513989779477464,122107267.29792665,155402079.81912097,194026655.65895313,4.440264265379151,6.216083192764839,8.623406918175695,23461974.59602409,29472201.255196743,35770355.636847936
NVIDIA H100/H200 Q1 2024,Q1 2024,NVIDIA,H100/H200,2024-01-01,2024-03-31,12937.484987828244,14195.223177937969,15581.79445263557,206999759.8052519,248416405.61391446,296054094.60007584,2.644961446325998,3.0463408792263795,3.436527581810823,20740.83900698383,22601.3902960564,24619.13772441267,207408390.06983832,271216683.5526768,344667928.1417774,31.4255136469452,38.63485520693402,48.27281906747582,726360689.9265373,818162682.7721046,929513337.165034,26.413115997328628,32.72650731088419,41.311703874001516,210000074.2010116,235411325.35129237,262283352.8121704
NVIDIA H20 Q1 2024,Q1 2024,NVIDIA,H20,2024-01-01,2024-03-31,4027.7534092083774,4704.582838412315,5455.237489157261,64444054.54733404,82330199.67221552,103649512.29398796,0.823440760911953,1.0096187175582096,1.2031396097415719,6317.259244788268,7289.412330230556,8374.047078104526,63172592.44788268,87472947.96276668,117236659.09346336,9.57160491634586,12.460533897830011,16.41970015314613,261500847.3639059,304158379.42346925,352113838.89497846,9.509121722323851,12.16633517693877,15.649503950887933,47123304.85598368,56746057.89323725,67521362.66230208
AMD MI300A Q2 2024,Q2 2024,AMD,MI300A,2024-04-01,2024-06-30,428.05285641855903,512.0983179821006,600.8174967308503,6848845.702696945,8961720.56468676,11415532.437886156,0.07149801431045212,0.09046404966736489,0.10921998290533184,1939.8550624287066,2308.9973498438912,2702.496509290402,19398550.624287065,27707968.198126696,37834951.13006563,2.2297184625617317,3.01829718933842,4.094691680743034,55554326.55813127,66566049.55141206,78285521.8033035,1.4429695209904223,1.9018871300403446,2.485254660422333,2121386.977253635,3725267.5601504473,5434503.98767725
AMD MI300X Q2 2024,Q2 2024,AMD,MI300X,2024-04-01,2024-06-30,1537.9387777977386,1751.0411747054193,1981.593878537317,24607020.444763817,30643220.55734484,37650283.69220903,0.2568831561214048,0.30932785802215573,0.36022527758726464,7126.143342936147,8045.736004879604,9032.631118018437,71261433.42936146,96548832.05855525,126456835.65225811,8.19096935969672,10.51730196716288,13.685804724270358,244282857.14517048,278157360.87799144,315123567.3436584,6.345009276497934,7.947353167942612,10.003922772814553,31070655.675240785,36853163.02260525,43309256.5061904
Amazon Trainium1 Q2 2024,Q2 2024,Amazon,Trainium1,2024-04-01,2024-06-30,0.0,0.0,0.0,0.0,0.0,0.0,0.0,0.0,0.0,1955.3790849271834,2967.8513675703925,4255.827380566871,19553790.849271834,35614216.41084471,59581583.3279362,2.2475621665829695,3.8795442713338466,6.448223303889199,36145583.35485464,55636146.60223764,81470769.31626315,0.9388463209053153,1.5896041886353611,2.5863736290877193,20979411.872945998,37115829.338277146,59767349.08970677
Amazon Trainium2 Q2 2024,Q2 2024,Amazon,Trainium2,2024-04-01,2024-06-30,1291.311254148389,1674.2875958948196,2021.8254901204577,20660980.066374224,29300032.92815934,38414684.312288694,0.21568876166561754,0.29576905628066524,0.3675388061600402,2021.9928801593592,2582.727463630364,3093.652588671368,20219928.80159359,30992729.56356437,43311136.241399154,2.3241297473096085,3.37611433154296,4.68735240707783,78127603.73692425,100403631.17039505,123619342.13413395,2.029288408751279,2.8686751762970015,3.924423559813776,9497575.701397283,13047408.39408518,17848390.29499467
Google TPU v5e Q2 2024,Q2 2024,Google,TPU v5e,2024-04-01,2024-06-30,2128.607319857447,2728.6405271962917,3393.187573481513,34057717.11771915,47751209.2259351,64470563.89614875,0.35554299973572684,0.48202437600136383,0.6168327167347052,5156.293879869375,6451.9559007563985,7869.13363101671,51562938.79869375,77423470.80907679,110167870.83423394,5.9267745745625,8.433929282034509,11.922929743964712,59362062.65396619,77200389.57550493,98393178.8844276,1.5418717572458749,2.205725416442998,3.123592980458019,74028683.26094034,95416223.56301028,120274581.22358204
Google TPU v5p Q2 2024,Q2 2024,Google,TPU v5p,2024-04-01,2024-06-30,2101.6576063958973,2661.125640017862,3282.3850231249853,33626521.70233436,46569698.70031259,62365315.43937472,0.3510415673311914,0.4700976230859023,0.5966904060968571,3692.8035096773588,4568.009634920059,5521.087987121128,36928035.09677359,54816115.61904071,77295231.8196958,4.244601735261331,5.971254424732104,8.365284828971406,151252343.9354208,194751549.63108796,245785770.55403316,3.9286323100109293,5.564329989459655,7.802722874731212,39805134.314755775,51193073.44535527,63347487.28232973
Google TPU v6e Q2 2024,Q2 2024,Google,TPU v6e,2024-04-01,2024-06-30,364.302689778873,633.0498470412347,945.1060655829583,5828843.036461968,11078372.323221607,17957015.246076208,0.06084977249089267,0.11183058173344301,0.17180669485885142,433.9249816032798,754.0327066980037,1125.726335894368,4339249.816032798,9048392.480376044,15760168.702521153,0.4987643466704365,0.9856636688862793,1.705645963476315,8119849.461869589,14141366.022417687,21086207.000786684,0.2109051808277815,0.40403902921193385,0.6694033968503709,0.0,0.0,0.0
NVIDIA H100/H200 Q2 2024,Q2 2024,NVIDIA,H100/H200,2024-04-01,2024-06-30,15694.347478988095,17196.69834367179,18870.520343319015,251109559.6638095,300942221.0142563,358539886.5230613,2.6214395344407464,3.0378599547186793,3.430389295462392,25046.07300440953,27290.90482650567,29699.26527032686,250460730.04409528,327490857.91806805,415789713.78457606,28.788589660240838,35.67438539412506,44.998886773222516,991690895.7513577,1120477430.6140203,1275037897.2810147,25.758205084450847,32.013640874686295,40.47739356447666,248123257.4759078,277246075.15035397,309340014.9790046
NVIDIA H20 Q2 2024,Q2 2024,NVIDIA,H20,2024-04-01,2024-06-30,5184.985682979119,6030.006815882433,6970.773705752664,82959770.9276659,105525119.27794258,132444700.40930061,0.866052346111753,1.0652228623519988,1.267186440344805,8323.73146922951,9568.107756763056,10931.995579853467,83237314.69229509,114817293.08115667,153047938.11794853,9.567507435895987,12.50733040099746,16.563629666444648,345915834.855378,399134964.29676354,459944679.78926873,8.984826879360467,11.403856122764672,14.601418406008532,76177652.41103595,91505908.56003238,108510890.14367756
AMD MI300A Q3 2024,Q3 2024,AMD,MI300A,2024-07-01,2024-09-30,619.1542963495941,715.3992173785543,817.4412725574138,9906468.741593506,12519486.304124702,15531384.178590862,0.09287080830594532,0.11418692617232849,0.13440987219709513,3062.578443416278,3499.516477624376,3958.5506820353194,30625784.43416278,41994197.73149251,55419709.54849447,2.835720780940998,3.5348651289135113,4.39838964670591,87484630.37269562,100816010.1393672,114585763.37848325,1.6164935397763418,2.04910589714161,2.5877543671744183,12670675.34639886,15343434.71332496,18150536.41229067
AMD MI300X Q3 2024,Q3 2024,AMD,MI300X,2024-07-01,2024-09-30,1860.8944622949941,2108.901542314321,2383.002920641833,29774311.396719906,36905776.990500614,45277055.49219483,0.27912714795701327,0.3366078391857266,0.3918313507791188,8604.357211566492,9662.311452272697,10803.030815149601,86043572.11566491,115947737.42727236,151242431.4120944,7.966997418117122,9.759910557851208,12.003367572388445,295020715.6295479,333677322.2833948,376429111.025453,5.45123273520968,6.782059396003961,8.501109101749165,36886213.721962124,43144869.00365699,49959891.85249739
AMD MI308X Q3 2024,Q3 2024,AMD,MI308X,2024-07-01,2024-09-30,260.265842490318,577.4072253203753,999.537331232374,4164253.479845088,10104626.44310657,18991209.293415107,0.03903889435801624,0.09216162753241952,0.16435148243353825,1052.6307407386194,2335.2914446290733,4042.5732063176,10526307.407386193,28023497.33554888,56596024.8884464,0.9746580932764993,2.3588802471000743,4.491748007019556,36335780.38730763,80697531.50533392,139738216.99523178,0.6713928379029496,1.6401937297832099,3.1557862916719013,0.0,0.0,0.0
Amazon Trainium1 Q3 2024,Q3 2024,Amazon,Trainium1,2024-07-01,2024-09-30,0.0,0.0,0.0,0.0,0.0,0.0,0.0,0.0,0.0,1965.3426951243173,2962.7323958321226,4237.506118840763,19653426.951243173,35552788.74998547,59325085.663770676,1.8197617547447382,2.9926589856890127,4.708340132045292,36279772.17647231,55459868.70484378,81141615.34080814,0.6703579485674854,1.1272331037569874,1.832466471111295,20878926.959998086,36855599.29486352,59402181.404827416
Amazon Trainium2 Q3 2024,Q3 2024,Amazon,Trainium2,2024-07-01,2024-09-30,3199.138499711836,4090.1319048761425,5026.138551211958,51186215.99538938,71577308.3353325,95496632.4730272,0.479858704207637,0.6528377142605161,0.826435687789233,5006.89413108682,6296.607456444124,7648.066490053805,50068941.3108682,75559289.4773295,107072930.86075327,4.636013084339648,6.360209551963762,8.497851655615339,192407051.94961566,245525157.29751012,304715412.3530666,3.555193125454835,4.990348725559149,6.8815585445588665,23435219.664860245,31493923.587958034,38701233.667382665
Google TPU v5e Q3 2024,Q3 2024,Google,TPU v5e,2024-07-01,2024-09-30,1868.7814623252511,2366.1583642700602,2928.15501040504,29900503.39720402,41407771.37472606,55634945.197695754,0.28031016820291565,0.37766934026428295,0.48146937759884423,4551.368852568268,5682.218870132484,6920.019225138364,45513688.52568268,68186626.4415898,96880269.1519371,4.214230419044693,5.739615020335843,7.6889102501537385,52266516.50785122,67877374.67269474,86139824.570119,0.9657523375434445,1.379621436436885,1.9453438249801038,65956065.08263586,91621824.225286,120273269.48013927
Google TPU v5p Q3 2024,Q3 2024,Google,TPU v5p,2024-07-01,2024-09-30,1912.1321873914296,2393.8875921098124,2905.188890405466,30594114.998262875,41893032.86192172,55198588.91770385,0.28681261339514214,0.38209528205347837,0.477693114572207,3430.2254706090175,4233.661589327125,5073.13495812574,34302254.706090175,50803939.0719255,71023889.41376036,3.1761346950083493,4.276425847805177,5.636816620139711,140468944.4988827,180207914.24551177,226094240.47162914,2.5955089523075148,3.6627624846648734,5.106012657444199,42005216.67292588,56824212.42727476,73393341.69304653
Google TPU v6e Q3 2024,Q3 2024,Google,TPU v6e,2024-07-01,2024-09-30,2224.318636687495,2849.1940459953084,3523.9454963024646,35589098.186999924,49860895.804917894,66954964.42974683,0.33363940287108607,0.4547680543639032,0.5794337522323669,2795.771091470729,3546.5393325802206,4362.950644636959,27957710.914707292,42558471.99096265,61081309.02491742,2.5886769365469715,3.582362962202243,4.84772293848551,52045604.402612865,66393956.55687097,82144625.60573624,0.961670443507259,1.3494706617250196,1.855118012776338,7757634.971636112,13513885.575068692,20197788.88922484
NVIDIA B200 Q3 2024,Q3 2024,NVIDIA,B200,2024-07-01,2024-09-30,7757.914110529635,8684.889629114947,9699.498482147923,124126625.76847416,151985568.50951156,184290471.16081053,1.1636578450005266,1.3862202065700755,1.5948648485568773,8446.428987839137,9455.673583698896,10560.328972438547,109803576.84190878,160746450.92288122,211206579.44877094,7.820767581332534,9.551185438079694,11.73369885826505,395550347.75641304,453492580.9736544,523715354.54062295,7.308764740510219,9.217328881578341,11.827356696942704,0.0,0.0,0.0
NVIDIA H100/H200 Q3 2024,Q3 2024,NVIDIA,H100/H200,2024-07-01,2024-09-30,14668.736098434205,16028.743891376958,17446.46314748744,234699777.57494727,280503018.0990968,331482799.80226135,2.2002550677916757,2.558393902171871,2.8686793298419064,24239.25561471674,26346.008567452544,28529.00499873732,242392556.1471674,316152102.80943054,399406069.9823225,22.4437551988118,26.612129866113683,31.69889444304147,1134359360.6487815,1276484541.7867472,1448745916.579437,20.96007687821104,25.944807759893234,32.71783912781024,303796223.095633,338495546.0118977,377370367.7152698
NVIDIA H20 Q3 2024,Q3 2024,NVIDIA,H20,2024-07-01,2024-09-30,6209.902995515792,7196.59629878041,8324.448443314905,99358447.92825267,125940435.22865717,158164520.4229832,0.931462018587737,1.148669428619262,1.3687687286412098,9981.480745185927,11452.448614480923,13090.767609717223,99814807.45185927,137429383.37377107,183270746.5360411,9.242111801098082,11.568129913617094,14.545297344130248,414086469.2278551,478668847.02360374,551575231.4326282,7.6512651372478775,9.729041606170806,12.45653187517227,93277856.90775184,111605314.25177513,132264043.36109486
AMD MI300A Q4 2024,Q4 2024,AMD,MI300A,2024-10-01,2024-12-31,189.18191253090785,223.12870683367402,258.79265658057,3026910.6004945254,3904752.3695892952,4917060.47503083,0.0211850029676953,0.02667180580320557,0.031885782461100846,1238.5038863758423,1456.1872146511578,1682.430248034039,12385038.863758422,17474246.575813893,23554023.472476546,0.9600805320742964,1.2446044569668016,1.6023145219371802,35444375.261761606,41950274.00279467,48819497.11848449,0.4319324306819596,0.5623361126379982,0.7271298349491285,15417346.232320238,18417959.83374881,21495109.171871506
AMD MI300X Q4 2024,Q4 2024,AMD,MI300X,2024-10-01,2024-12-31,1514.2618725346115,1771.2184094139152,2054.3102621361404,24228189.960553784,30996322.164743517,39031894.98058667,0.16957034546456726,0.21172351205425902,0.25311108511182534,7420.363682008949,8535.577824119788,9740.083484185494,74203636.82008949,102426933.88943745,136361168.7785969,5.752219908534069,7.295365661640845,9.276269984938565,254889948.61268058,295292015.7745621,339828778.6854198,3.1061412212122907,3.9583380130638357,5.061495065317542,45053660.87961371,52312631.027544424,60572860.928805836
AMD MI308X Q4 2024,Q4 2024,AMD,MI308X,2024-10-01,2024-12-31,899.6556466852871,978.8600288157984,1061.836444549427,14394490.346964594,17130050.504276473,20174892.44643911,0.10074540049814656,0.11700854169587754,0.1308286190478938,4170.605846805008,4444.883404130318,4733.304854768134,41706058.46805008,53338600.849563815,66266267.96675387,3.2330277882209364,3.799045644555828,4.507909385493461,142097047.64793766,153526610.7188586,165923842.23447767,1.731623783182277,2.057997462719284,2.471311323122992,8062254.177863511,17895495.871253237,31001698.701745905
AMD MI325X Q4 2024,Q4 2024,AMD,MI325X,2024-10-01,2024-12-31,355.76222998877967,500.8441487951524,678.2684914349772,5692195.679820474,8764772.603915168,12887101.337264568,0.03983903004931751,0.0598686653272894,0.08356930159407962,1438.8605746212868,2025.6363351270606,2743.219232025908,14388605.746212868,24307636.021524727,38405069.24836271,1.1153957942800674,1.7313131069462058,2.612589744786579,68193866.1016269,97291847.08713838,133170432.16507897,0.8310244467661089,1.304180255859764,1.9834738183657874,0.0,0.0,0.0
Amazon Trainium1 Q4 2024,Q4 2024,Amazon,Trainium1,2024-10-01,2024-12-31,0.0,0.0,0.0,0.0,0.0,0.0,0.0,0.0,0.0,550.6539577052363,966.9035419170398,1562.0864210218474,5506539.577052363,11602842.503004476,21869209.894305862,0.4268635331048343,0.8264132836897775,1.4877013533541403,10207965.231498566,18122190.66633317,29867104.038001195,0.12439635914572951,0.24292480785969395,0.4448481387846469,20894859.808947675,36763082.995792285,59481082.093078606
Amazon Trainium2 Q4 2024,Q4 2024,Amazon,Trainium2,2024-10-01,2024-12-31,4602.693415949925,5116.631837483597,5685.084569284403,73643094.6551988,89541057.15596296,108016606.81640366,0.5154196422470371,0.6116192428685994,0.7004579351065466,7490.890373872966,8399.013057537886,9350.777897770862,74908903.73872966,100788156.69045463,130910890.56879207,5.806891762692222,7.17864363892127,8.905502759781774,284500423.0037154,327077327.0274832,377598281.0202425,3.466980538675547,4.384414571413984,5.62404350640814,58615613.51977368,77292853.3636612,96754154.154856
Google TPU v5e Q4 2024,Q4 2024,Google,TPU v5e,2024-10-01,2024-12-31,878.3253377515749,1082.012717165483,1295.9148746344936,14053205.404025199,18935222.550395954,24622382.618055377,0.0983567860052641,0.12933895184696692,0.1596693674645891,2350.419752499897,2916.9070795968164,3520.581356040901,23504197.52499897,35002884.955161795,49288138.98457261,1.8220308158913932,2.493082974014373,3.352934624800858,27051072.191062283,34863281.76281826,43871118.31211062,0.3296499170248876,0.4673362166597622,0.6534274398586628,56024810.532507,76857454.07515986,100387210.50513165
Google TPU v5p Q4 2024,Q4 2024,Google,TPU v5p,2024-10-01,2024-12-31,1282.1552825500694,1771.5403760164245,2257.3825199721573,20514484.520801112,31001956.580287427,42890267.87947099,0.143578543543013,0.21176199849923105,0.27813157032496705,2411.328969426225,3190.9557612000926,3974.2567810729342,24113289.694262248,38291469.13440111,55639594.93502108,1.8692472631211048,2.7273126164103356,3.785006458164699,99323944.87622756,135702746.23533404,176409981.827836,1.2103819750941693,1.819071665353003,2.627494516351445,35635594.33164365,47781122.28436181,60849494.572465986
Google TPU v6e Q4 2024,Q4 2024,Google,TPU v6e,2024-10-01,2024-12-31,5818.597969728102,6944.512191990763,8174.609246892624,93097567.51564963,121528963.35983835,155317575.69095984,0.6515792847605173,0.8301158699442512,1.0071916861743417,7532.269306669442,8909.55811098995,10402.206457733577,75322693.06669442,106914697.3318794,145630890.40827006,5.838968454782513,7.615006932470044,9.906863293079597,140332815.36714345,166700121.2528413,195942081.12565604,1.7101244865603635,2.2345860757753524,2.91841050231838,43508132.46825958,56657667.03421639,70693657.6299048
NVIDIA B200 Q4 2024,Q4 2024,NVIDIA,B200,2024-10-01,2024-12-31,22602.616944964535,25126.151695628505,27721.24164921005,361641871.11943257,439707654.6734988,526703591.3349909,2.531090317519246,3.0034675865676155,3.4155276755433404,26482.81203532252,29261.817679353644,32123.381745546278,344276556.45919275,497450900.54901195,642467634.9109255,20.529311655288776,25.01010058064414,30.59369690052026,1232032023.8247812,1402387967.731371,1605413122.737123,15.013795074637839,18.798766323476823,23.91142571845581,108945308.90614875,121240227.43437406,134695369.3079765
NVIDIA H100/H200 Q4 2024,Q4 2024,NVIDIA,H100/H200,2024-10-01,2024-12-31,10199.450978558978,11556.828501323824,13155.624390819115,163191215.65694365,202244498.77316692,249956863.4255632,1.1421567546227924,1.3814514943522331,1.6209013926753932,17477.35780103037,19547.500691845267,21897.340353117164,174773578.0103037,234570008.30214322,306562764.9436403,13.548339380643698,16.7072655485857,20.854609860111587,963853800.4451722,1114350536.241302,1300034307.672501,11.745720210153205,14.937674748542923,19.363037052018186,260648570.70431748,291135036.3174305,323713586.18938565
NVIDIA H20 Q4 2024,Q4 2024,NVIDIA,H20,2024-10-01,2024-12-31,13885.629994281873,15149.066608972735,16488.982092791648,222170079.90850997,265108665.65702286,313290659.7630413,1.5549431163992509,1.8108515413731068,2.031603612570265,22371.398687404057,24385.570072308023,26481.69188116852,223713986.87404057,292626840.8676963,370743686.3363593,17.342169525119424,20.84236758316925,25.22065893444621,924883575.695159,1018129685.5928442,1118423667.9797173,11.270821054047756,13.647851013308903,16.65808263300145,132602549.32633069,155990059.18295902,182235260.66620037
AMD MI300A Q1 2025,Q1 2025,AMD,MI300A,2025-01-01,2025-03-31,9.666931658809997,15.297383770863643,21.566736727572753,154670.90654095996,267704.21599011373,409767.9978238823,0.0011924399542853543,0.002007781619925853,0.0029159765734740575,69.50643207519681,109.99007787840725,155.06749963133788,695064.3207519681,1319880.934540887,2170944.9948387304,0.052211404375734696,0.08821259378719379,0.13339139753233364,1998101.7741287767,3167475.613166744,4474693.150677504,0.028031730837945797,0.048880796499486796,0.07672656294028642,1039165.1279989089,1638264.2289034235,2304159.151693147
AMD MI300X Q1 2025,Q1 2025,AMD,MI300X,2025-01-01,2025-03-31,889.3503211750858,1064.4613822426181,1263.228333136398,14229605.138801374,18628074.189245816,24001338.329591565,0.10970356404239152,0.13971055641934363,0.17079747728663386,4510.412160609636,5332.325445072103,6244.595304004781,45104121.60609636,63987905.34086524,87424334.25606693,3.388103031443858,4.276551735396173,5.371694885165403,154913818.98218122,184356422.78959042,217054212.41135168,2.173313958784809,2.8450065245307163,3.721780048205619,31690878.235457648,39084368.13966853,47599372.735849924
AMD MI308X Q1 2025,Q1 2025,AMD,MI308X,2025-01-01,2025-03-31,939.9792728256755,1227.9740099638643,1461.4044723217855,15039668.365210807,21489545.174367625,27766684.974113926,0.11594877057974448,0.1611715888077572,0.19759230427347776,4302.235948094533,5619.174704142139,6686.678410568935,43022359.480945334,67430096.44970566,93613497.74796508,3.2317265337799315,4.506606279011239,5.7519814284463955,148008637.29868406,194256659.9761014,232631581.2045495,2.076439917209372,2.9977879625941575,3.9888817078969394,19135665.449780285,25033771.051077835,29764187.1432369
AMD MI325X Q1 2025,Q1 2025,AMD,MI325X,2025-01-01,2025-03-31,431.66998765001625,564.7088967866614,721.6524870071466,6906719.80240026,9882405.693766575,13711397.253135785,0.053247561740092986,0.0741180427032493,0.09757256152766901,2100.1395191943934,2702.625394782529,3382.710847376887,21001395.191943932,32431504.737390347,47357951.86327642,1.5775695918831125,2.167519113610048,2.9098587934424835,99575923.0600766,129628982.74199405,165066087.62903237,1.3969686175656086,2.000447264536945,2.830351296794108,13478679.696134442,18992873.14592631,25666680.346105948
AMD MI350X Q1 2025,Q1 2025,AMD,MI350X,2025-01-01,2025-03-31,41.05271227201165,68.13428226402007,98.57683595788258,697896.108624198,1362685.6452804015,2168690.391073417,0.005063953700377509,0.008942624547152635,0.013328291060969047,153.4345121166435,254.65187996177494,368.4309243925861,1534345.121166435,3055822.5595412995,5158032.9414962055,0.11525597154301859,0.2042320841798696,0.31692982743448267,8248367.809754854,13763491.2342131,20142802.920639064,0.11571784244886157,0.21239955608353553,0.3453841378710402,0.0,0.0,0.0
Amazon Trainium2 Q1 2025,Q1 2025,Amazon,Trainium2,2025-01-01,2025-03-31,5442.494253879996,5925.3533792812905,6427.35072582613,87079908.06207994,103693684.13742258,122119663.79069647,0.6713451411834921,0.7777026310306694,0.8690236442701645,8922.134212922743,9655.617090444539,10434.274824671464,89221342.12922743,115867405.08533446,146079847.5454005,6.702072648204878,7.74385330561968,8.97572027928728,336063692.945383,375784254.3785831,425521228.06760854,4.714698273644542,5.799139728064554,7.296317353696992,76160696.26362132,84934380.18841359,95338489.6437565
Google TPU v5e Q1 2025,Q1 2025,Google,TPU v5e,2025-01-01,2025-03-31,124.29832730331503,166.7806196669933,213.203818693721,1988773.2368530405,2918660.8441723827,4050872.5551806986,0.01533250642071434,0.02188995633129287,0.02882667640168621,422.2230032823532,566.5290567688255,724.2217863516526,4222230.032823532,6798348.681225906,10139105.008923136,0.3171628193670259,0.45435914327324356,0.622986482883142,4911150.939953304,6771865.857332276,8982106.090991406,0.06889942396118552,0.1045041027366092,0.15401416479752067,18319587.321643442,24551328.772472583,31349179.02261629
Google TPU v5p Q1 2025,Q1 2025,Google,TPU v5p,2025-01-01,2025-03-31,534.7102699051824,778.5416449231545,1014.124790504877,8555364.318482919,13624478.786155205,19268371.01959266,0.06595783567173115,0.10218359089616404,0.13711690224839704,1078.0303226465203,1540.336973909781,1994.7972316628448,10780303.226465203,18484043.686917372,27927161.243279826,0.8097880357908134,1.235357974062982,1.7159546078820171,44770486.75265974,65496356.86792946,87489543.84105171,0.628093248494104,1.0107462479618743,1.5001636461085683,21013792.512380976,33673812.01863315,46323943.7124303
Google TPU v6e Q1 2025,Q1 2025,Google,TPU v6e,2025-01-01,2025-03-31,10208.427659552317,11784.240046933199,13408.659856481,163334842.55283707,206224200.82133096,254764537.273139,1.2592348266565077,1.5466815061599823,1.812946414521428,13560.593589546137,15512.82524750986,17492.36592702518,135605935.89546138,186153902.9701183,244893122.97835255,10.186361381818694,12.441363607025451,15.047196496365748,252033905.67102182,290300109.4317188,330429390.8171575,3.5358292041389143,4.479939960366031,5.665798882324374,107512179.96240956,131106150.9820795,156786078.35598207
NVIDIA B200 Q1 2025,Q1 2025,NVIDIA,B200,2025-01-01,2025-03-31,23841.8311327124,26029.072143812373,28358.05166916348,381469298.12339836,455508762.51671654,538802981.7141061,2.940948899753622,3.4163157188753743,3.834210774731064,30545.087128967298,33145.66887114576,35898.09949646464,397086132.6765749,563476370.8094779,717961989.9292928,22.944666387956655,26.582992578362514,30.880085588356675,1418661758.6268725,1587694073.074514,1800210685.2170446,19.902662158064988,24.501451744977064,30.867810103172914,285025378.94418657,317445623.2758728,351775396.92359084
NVIDIA B300 Q1 2025,Q1 2025,NVIDIA,B300,2025-01-01,2025-03-31,9034.018051476774,10306.868835264293,11689.78532850854,144544288.8236284,180370204.61712512,222105921.24166226,1.1143684938021103,1.3527765346284386,1.5805423229974211,9675.27447006754,10982.533342985978,12377.521150359962,125778568.110878,186703066.83076164,247550423.00719923,7.267811808501438,8.8080467913672,10.647330021815021,680028283.1678802,790119424.9127102,920810184.4186354,9.540239662849046,12.193201001739356,15.788926344626809,3018285.278890313,7938731.812833011,15266316.977838406
NVIDIA H100/H200 Q1 2025,Q1 2025,NVIDIA,H100/H200,2025-01-01,2025-03-31,8411.608993710806,9525.858199358554,10849.907971046423,134585743.8993729,166702518.4887747,206148251.44988203,1.0375927955160003,1.2502688886658102,1.4669849160569575,13937.679616016077,15616.542199538992,17542.98089002633,139376796.16016078,187398506.3944679,245601732.46036863,10.469618490904095,12.524545122437287,15.090736249485015,854160638.8233558,981281565.4842404,1138031727.054705,11.983173945333272,15.143234035250625,19.513575566781636,164512063.5117049,196031116.5775654,233312990.94093603
NVIDIA H20 Q1 2025,Q1 2025,NVIDIA,H20,2025-01-01,2025-03-31,11974.578393056785,13003.248375641404,14078.622834070437,191593254.28890857,227556846.57372457,267493833.8473383,1.4770938924130939,1.7066763493029342,1.9035301858366347,20131.056986528583,21817.117771174777,23599.97659594793,201310569.86528584,261805413.2540973,330399672.343271,15.121920741054334,17.49743781146849,20.301055136299297,830531254.7942828,911579733.930789,996458049.8374323,11.651673047057837,14.06758848658625,17.086043378556795,310869644.4021665,336313710.8484206,362793544.7043513
AMD MI300X Q2 2025,Q2 2025,AMD,MI300X,2025-04-01,2025-06-30,694.4359830228734,883.9910366302759,1091.3686972232983,11110975.728365975,15469843.141029827,20736005.247242667,0.0703449611755546,0.0953220571981059,0.12124157689108107,3317.2778704133134,4131.5089244297515,5017.870315485383,33172778.704133134,49578107.093157016,70250184.41679536,2.08142925202404,2.7716621715252,3.6164831102597357,114351013.75867043,142727428.7760369,174089157.66842315,1.3225886393554294,1.8158705951149732,2.4609719772183087,16280016.189383345,21212612.415625125,26820089.042867623
AMD MI308X Q2 2025,Q2 2025,AMD,MI308X,2025-04-01,2025-06-30,226.59583258339077,295.76992304485265,352.0142975719824,3625533.3213342526,5175973.653284921,6688271.653867666,0.022953699743833787,0.03189330700618014,0.03910572901203631,1527.42376037693,1993.7083701541915,2372.8371169666957,15274237.6037693,23924500.441850297,33219719.63753374,0.9583835359227796,1.337498277671575,1.710152877093114,52550945.77455087,68884291.09060761,82626065.28433937,0.607806451243938,0.8763904718906821,1.1680246718170677,23388035.54973146,30596831.284650687,36378450.952845104
AMD MI325X Q2 2025,Q2 2025,AMD,MI325X,2025-04-01,2025-06-30,380.059967975759,531.2932605434232,702.0259217749938,6080959.487612144,9297632.059509907,13338492.513724882,0.03849930640871857,0.05729013584067585,0.0779889784185373,1843.3715449444626,2488.171508332503,3211.164652550249,18433715.449444626,29858058.099990036,44956305.13570348,1.1566252831024078,1.6692135904955996,2.3143529027389182,87543526.6340116,119443145.40239602,156522069.55056325,1.0125321146658757,1.5196328931602547,2.2126388118541596,10872053.838327888,15539912.227420088,21378437.790641885
AMD MI350X Q2 2025,Q2 2025,AMD,MI350X,2025-04-01,2025-06-30,615.4966640040113,747.5066388003888,901.0156220738121,10463443.288068192,14950132.776007777,19822343.685623866,0.06234856774640871,0.0806047432916405,0.100095004650272,2349.9128329251544,2845.097564934332,3418.5727870207843,23499128.329251543,34141170.77921198,47860019.01829098,1.4744551108549988,1.908660840207518,2.4638362428978624,124522919.34845121,153495660.54838854,188542944.88447544,1.4402373276480593,1.9528709993433657,2.6652946689917365,1521463.7811774926,2516484.1059407806,3635243.831108129
AMD MI355X Q2 2025,Q2 2025,AMD,MI355X,2025-04-01,2025-06-30,282.3863129682996,408.3355539960854,579.7016488242267,4800567.320461093,8166711.079921708,12753436.274132987,0.02860516261814841,0.04403142500449877,0.064399814845916,1055.4188447190193,1526.1541330603688,2166.6349124805474,10554188.447190193,18313849.596724425,30332888.774727665,0.6622235888433062,1.0238350578182767,1.5615386756616558,56583023.82282178,82398744.2558814,118689011.40156195,0.6544416357023106,1.0483300795913664,1.6778203477744127,0.0,0.0,0.0
Amazon Trainium2 Q2 2025,Q2 2025,Amazon,Trainium2,2025-04-01,2025-06-30,6339.8954565296135,6888.966880358441,7455.301710698518,101438327.30447382,120556920.40627271,141650732.50327185,0.6422185927136222,0.742847458621951,0.8282192240840153,10399.845629313577,11242.424549790092,12098.104427024577,103998456.29313576,134909094.5974811,169373461.97834408,6.525393336039892,7.542087748286855,8.719354541999696,391927650.51808,437097013.7259464,494084455.2284727,4.5330517062003235,5.561030708981507,6.984513079282905,90325352.95912708,100023664.44035213,109652186.82751355
Google TPU v5p Q2 2025,Q2 2025,Google,TPU v5p,2025-04-01,2025-06-30,61.63097556281294,121.24492191371924,179.89419703589186,986095.6090050071,2121786.1334900865,3417989.7436819454,0.006243093228414734,0.013074018743103169,0.01998468178323043,154.3057017794872,303.5613600506452,450.40176739356633,1543057.0177948722,3642736.3206077423,6305624.743509929,0.09681926386163903,0.20364703399623996,0.32461388640977756,6513254.06429695,12869483.18841694,19656232.748537548,0.07533257071821593,0.16373388280428677,0.2778658856168723,5567527.324106085,10980811.270447312,16267811.481677517
Google TPU v6e Q2 2025,Q2 2025,Google,TPU v6e,2025-04-01,2025-06-30,12222.165670879727,14004.005837132958,15991.45197584126,195554650.73407564,245070102.14982677,303837587.540984,1.2380806735513177,1.510072602657064,1.7765113286296657,16790.39653320936,19065.92115017953,21531.42610077547,167903965.33209363,228791053.80215433,301439965.41085654,10.535150765935287,12.790555069302828,15.518144937495833,312504074.08152807,356791804.6167798,406168471.6051469,3.614435277371363,4.539335936600252,5.741708674090287,179497896.43445638,211977547.5262764,245175488.1889488
Google TPU v7 Q2 2025,Q2 2025,Google,TPU v7,2025-04-01,2025-06-30,580.6603097832298,904.3404536040744,1235.429958508814,9871225.266314905,18086809.072081488,27179459.08719391,0.05881971549066661,0.0975163648419014,0.13724553094584938,1141.2740136334664,1777.4596296432462,2428.2081684500613,11412740.136334665,21329515.555718955,33994914.35830086,0.7160934987504104,1.1924257473497668,1.7500599412252693,71408281.43931313,112187404.98447631,155089439.63222814,0.8259111894438252,1.427320674102752,2.1923867632489134,0.0,0.0,0.0
NVIDIA B200 Q2 2025,Q2 2025,NVIDIA,B200,2025-04-01,2025-06-30,20014.865432358347,21849.116627742053,23820.102087484822,320237846.91773355,382359540.9854859,452581939.6622116,2.0274654052983063,2.3560224692513403,2.6462063151901987,25739.531639562694,27971.936942747903,30343.465054459302,334613911.314315,475522928.0267144,606869301.0891861,16.150294362078554,18.765240716308863,21.86916400321391,1196856497.240525,1339497107.3540368,1518546779.1365306,13.842892635213106,17.041947930712936,21.466592863111828,247367381.8328362,275158025.72367036,304774811.0838866
NVIDIA B300 Q2 2025,Q2 2025,NVIDIA,B300,2025-04-01,2025-06-30,26200.294383172528,29019.504672337855,32174.421596180684,419204710.13076043,507841331.7659125,611314010.327433,2.6540368532597567,3.129215987055576,3.5742986030332013,30601.006127481054,33799.61104371915,37334.044438076366,397813079.6572537,574593387.7432256,746680888.7615273,19.200631295674388,22.67479147587029,26.907419414829814,2138400923.9950428,2430420202.5403824,2794143647.43364,24.73283511444648,30.921376622651174,39.49877929648912,162831513.45050275,184108074.43796378,207009296.37392297
NVIDIA H100/H200 Q2 2025,Q2 2025,NVIDIA,H100/H200,2025-04-01,2025-06-30,7595.7485480536,9025.941394439122,10305.987312969024,121531976.7688576,157953974.40268463,195813758.94641146,0.7694339719929318,0.9732805721053064,1.1449056184430628,12678.61662094798,14648.912986672036,16447.553917073525,126786166.2094798,175786955.84006444,230265754.83902934,7.955210428830105,9.827363009926733,11.854092913206143,792147808.5040742,933166450.2470164,1082257049.6384256,9.16201490289237,11.872346695254663,15.299081843913282,147231426.86787382,174235208.08935696,207933963.77703837
NVIDIA H20 Q2 2025,Q2 2025,NVIDIA,H20,2025-04-01,2025-06-30,1000.8888471431785,1100.1635403435957,1200.2681918865708,16014221.554290855,19252861.956012927,22805095.645844843,0.10138801677132189,0.11863225708674706,0.13333936427421658,2068.4396112948593,2289.03236845675,2514.9685635310084,20684396.112948593,27468388.421481002,35209559.889434114,1.2978444619889313,1.5356191989646961,1.812589955698024,85561397.01579775,95575312.19034836,106193967.91427307,0.9896067200531778,1.2159708930069766,1.5011869934163566,108769814.47658975,123523880.66465235,140085206.20939907
AMD MI300X Q3 2025,Q3 2025,AMD,MI300X,2025-07-01,2025-09-30,298.9027064123065,375.5301002591697,457.36012919427475,4782443.302596903,6571776.75453547,8689842.45469122,0.026641621797508872,0.03559982291623497,0.044661153577350565,1632.0308013650683,2066.695269698783,2527.1746331697927,16320308.013650684,24800343.236385394,35380444.8643771,0.8792085125199021,1.1916080834299287,1.5672400825859178,56286563.05899679,71392634.23538467,87723341.03929938,0.5403337146874991,0.7538820932986766,1.0292542653912868,15390174.595893495,21013774.525084134,27184799.73186223
AMD MI325X Q3 2025,Q3 2025,AMD,MI325X,2025-07-01,2025-09-30,365.310250126084,515.7593165841727,712.0479701454362,5844964.002017343,9025788.040223021,13528911.432763288,0.032560620274838,0.048893391834964044,0.0695313861423147,1733.9579491723089,2416.1895488506066,3285.820493814716,17339579.49172309,28994274.586207278,46001486.91340602,0.9341187604968668,1.393118298436386,2.037718135699049,82728192.19681828,116080129.9434222,159040287.87005344,0.7941652318020378,1.2257669476602133,1.866012998592672,9844187.273758572,15360204.622259542,21713991.405370396
AMD MI350X Q3 2025,Q3 2025,AMD,MI350X,2025-07-01,2025-09-30,855.1083868861275,1046.495065255901,1272.5060253507443,14536842.577064168,20929901.30511802,27995132.557716373,0.07621702229712611,0.09920653225963114,0.12426003798453747,3686.1148672383206,4454.824201390324,5354.531093354701,36861148.672383204,53457890.41668388,74963435.30696581,1.985785787064415,2.5685472872881148,3.320639437739349,196310494.81972793,240618417.5121264,295476195.3837183,1.8845204456151283,2.5408491817542385,3.4668097545901477,22032546.97071824,26864975.921383075,32469956.076145805
AMD MI355X Q3 2025,Q3 2025,AMD,MI355X,2025-07-01,2025-09-30,886.3558483867027,1135.4843453957237,1439.463719180886,15068049.422573946,22709686.907914475,31668201.821979493,0.07900215282144535,0.10764261398046933,0.14056343377508068,3562.724959413814,4557.492241653308,5763.8375641763305,35627249.59413814,54689906.8998397,80693725.89846863,1.9193131094485192,2.627743274466772,3.574472908016329,190035642.2017454,245735475.01836908,318394954.4415327,1.824283788055538,2.59488357991942,3.7357145892471273,13943153.645927414,20142426.35410982,28575630.91007112
Amazon Trainium2 Q3 2025,Q3 2025,Amazon,Trainium2,2025-07-01,2025-09-30,7308.326504965478,7997.922354581962,8729.190802487394,116933224.07944766,139963641.20518434,165854625.24726048,0.6514014980159565,0.7581938686790061,0.8524042787085292,12010.09748812115,13045.29178323327,14133.727334449617,120100974.88121149,156543501.39879924,197872182.68229464,6.470086188886814,7.521609676819183,8.765102222914491,453133179.2767219,507752183.0869512,575581401.1699544,4.349939322998194,5.361691479270868,6.75327233567939,105052718.50684524,115968053.93460296,126978786.7180597
Google TPU v6e Q3 2025,Q3 2025,Google,TPU v6e,2025-07-01,2025-09-30,7549.74497210842,9305.556340946534,11068.458488807886,120795919.55373472,162847235.96656436,210300711.28734985,0.6729194681064802,0.8821560712340127,1.0808334458537814,11475.180024858004,13720.28722066743,16008.686392738548,114751800.24858004,164643446.64800915,224121609.49833965,6.181915164906669,7.910796235339779,9.927867530380494,213235679.69361597,256739016.7322952,301935900.7422552,2.0469970211540365,2.711077262220646,3.5426012054705525,197752792.2988381,234959596.43022043,276198744.2710196
Google TPU v7 Q3 2025,Q3 2025,Google,TPU v7,2025-07-01,2025-09-30,3190.5825777017885,3897.350985496895,4669.732036321019,54239903.82093041,77947019.7099379,102734104.79906242,0.2843811465246481,0.36946440466516356,0.45599868971223334,6610.026699737743,8011.934832722656,9552.318263731435,66100266.99737743,96143217.99267188,133732455.69224009,3.560957144639861,4.619493957605856,5.923918303089263,409039595.68266934,504719751.62145746,614093572.3482119,3.926654465610726,5.329670027681705,7.205134017930445,16465852.178159073,25690344.843203798,34900005.328253664
NVIDIA B200 Q3 2025,Q3 2025,NVIDIA,B200,2025-07-01,2025-09-30,24596.710827012856,27449.763937571333,30419.84309059931,393547373.2322057,480370868.90749836,577977018.7213869,2.192339692006844,2.602206146978842,2.970493484995213,29609.084420182666,32689.02912168813,35889.982127265874,384918097.4623746,555713495.0686982,717799642.5453175,15.951021909862714,18.847728502594958,22.257353257219144,1465190892.1085644,1651655763.6413867,1879932854.8807578,14.065382472003114,17.440926754396905,22.057173001064857,224003955.60808343,250883331.93914664,279139194.0414341
NVIDIA B300 Q3 2025,Q3 2025,NVIDIA,B300,2025-07-01,2025-09-30,46532.881058247694,50613.3583618369,54999.333223400325,744526096.9319631,885733771.3321458,1044987331.2446061,4.147541630460318,4.79808833868128,5.37067730864396,54545.28611872888,59111.722902177,64022.507712612016,709088719.5434754,1004899289.3370091,1280450154.2522404,29.384665922547544,34.08243482648044,39.70388075200745,4120440476.6160474,4593491981.345308,5184873468.387161,39.55496281670392,48.50572313986598,60.83390201087835,450147096.4073391,494905036.5161644,543754737.6729364
NVIDIA H100/H200 Q3 2025,Q3 2025,NVIDIA,H100/H200,2025-07-01,2025-09-30,3617.2742247861247,4517.693168392452,5424.408847912178,57876387.596577995,79059630.44686791,103063768.11033139,0.32241277769394344,0.4282721323101947,0.5296927763461409,6865.192310334121,8265.997952332058,9632.598626973924,68651923.1033412,99191975.4279847,134856380.77763495,3.6984200998432977,4.76598080134461,5.97370457486755,431066629.75895053,526800747.30849206,630705668.4943596,4.138107226254685,5.562837880765492,7.4000430422898,130276834.09344676,168854209.720374,201691318.32146668
NVIDIA H20 Q3 2025,Q3 2025,NVIDIA,H20,2025-07-01,2025-09-30,79.66627888255756,89.83681977154075,100.91221002474545,1274660.4621209211,1572144.3460019631,1917331.9904701635,0.007100768331874095,0.008516427506123657,0.009854063400070924,186.10164840879438,209.86018779581752,235.73246916508543,1861016.4840879438,2518322.2535498105,3300254.5683111963,0.10025678028756599,0.12100046863902991,0.14619067855199097,7716107.104883818,8772759.642799297,9921247.912825486,0.07407225789463202,0.09263737743188276,0.11640558386513535,6148012.211236133,6911405.271867149,7736029.929746983
AMD MI300X Q4 2025,Q4 2025,AMD,MI300X,2025-10-01,2025-12-31,87.23903631545191,170.73477469343,259.76263961628814,1395824.5810472306,2987858.557135025,4935490.152709475,0.007526155582012991,0.01573557862922486,0.02468015634218381,479.838298833955,828.3673640873702,1195.8370767411016,4798382.98833955,9940408.369048443,16741719.074375423,0.22647235343195515,0.41876391233484755,0.6507956880223682,16676968.512716824,28670925.462166727,41468821.92563962,0.13299017952724737,0.25149934615935726,0.40417955093216007,3786677.6582212104,5269733.935386299,7077255.464669134
AMD MI325X Q4 2025,Q4 2025,AMD,MI325X,2025-10-01,2025-12-31,451.20423150599555,658.6830518115652,921.2629851097553,7219267.704095929,11526953.40670239,17503996.71708535,0.038925616203479944,0.06070678320880766,0.0875295790740418,2073.2751026104675,2985.287819879958,4141.107982528376,20732751.026104674,35823453.83855949,57975511.75539726,0.9785369215860613,1.5091502406976092,2.253664208178708,106775139.59100679,154056767.47421062,216112927.9769746,0.8514763922727813,1.3513751532825493,2.106363820438349,9859114.126008147,14908597.172736332,21520361.817044184
AMD MI350X Q4 2025,Q4 2025,AMD,MI350X,2025-10-01,2025-12-31,729.8773217217616,947.354249324855,1222.7726041642686,12407914.469269948,18947084.9864971,26900997.29161391,0.06296688398984492,0.08731183970429421,0.11617613328187436,3258.5251730218965,4161.250158158971,5294.699560655432,32585251.730218966,49935001.89790766,74125793.84917605,1.5379469843171192,2.103633571265199,2.8814691486560173,182617353.15449515,238876552.6848235,309757561.62162924,1.456278733289435,2.0954083568844166,3.019079547969096,24150361.398971085,30667726.578223564,38157658.321300864
AMD MI355X Q4 2025,Q4 2025,AMD,MI355X,2025-10-01,2025-12-31,1317.7402236356586,1649.247814983951,2069.54248000331,22401583.801806197,32984956.29967902,45529934.560072824,0.11368211248800732,0.15200107135969354,0.19662809108623563,5551.206790487335,6930.017376087946,8635.226404004754,55512067.90487335,83160208.51305535,120893169.65606655,2.620038603179863,3.503326319665313,4.6994429409549685,309567006.6024833,395370290.0896656,503923383.96356606,2.4686364162877448,3.4681604393830314,4.911533956759903,38614228.15177607,49878452.82680904,63718818.860595115
Amazon Trainium2 Q4 2025,Q4 2025,Amazon,Trainium2,2025-10-01,2025-12-31,7766.27154758759,9269.211726567846,10812.795642696312,124260344.76140144,162211205.2149373,205443117.21122992,0.6700001562139245,0.854286481569089,1.027328207597624,12939.88959164114,15117.878969540372,17355.392639294994,129398895.9164114,181414547.63448447,242975496.95012993,6.1073225211285616,7.642529652848213,9.44511164043265,493753421.97753686,589493992.4868976,694783132.1151139,3.93742760747637,5.170999934095593,6.7717654202252815,120807606.57452777,134537491.78542572,149333042.06730878
Google TPU v6e Q4 2025,Q4 2025,Google,TPU v6e,2025-10-01,2025-12-31,2620.2640044762106,3726.83088700159,4861.6064511226305,41924224.07161937,65219540.52252782,92370522.57132998,0.2260514947956093,0.3434791802990208,0.4619032493091142,4339.221614009485,5867.4317043627525,7436.570435193486,43392216.140094854,70409180.45235303,104111986.09270881,2.048010201302412,2.966158207576747,4.04711316201006,80983913.17408611,109742436.6713994,140064243.4800978,0.64580473025587,0.9626529532578895,1.3651485719307779,92080093.72244845,127604462.82436217,163801039.74540734
Google TPU v7 Q4 2025,Q4 2025,Google,TPU v7,2025-10-01,2025-12-31,5611.858388611985,6611.485316586859,7686.462111860393,95401592.60640374,132229706.33173718,169102166.46092865,0.4841378483847106,0.6093401138808631,0.7302939595902217,12382.845675414792,14439.175195897755,16599.218697977656,123828456.75414792,173270102.35077307,232389061.77168718,5.84441093824887,7.299425059537569,9.03358840706267,760146508.5159432,908874335.0026584,1072889909.8465275,6.06177439007929,7.972581885988231,10.457016665170833,83061154.30870555,102856316.75825492,124258735.36515996
NVIDIA B200 Q4 2025,Q4 2025,NVIDIA,B200,2025-10-01,2025-12-31,21004.459042343493,27431.68784478922,34200.37116405134,336071344.6774959,480054537.28381133,649807052.1169755,1.81206525593746,2.5282106810935625,3.2493914772976287,26042.36279150268,32180.578574613537,38497.028566394416,338550716.28953487,547069835.7684301,769940571.3278884,12.291380668555837,16.26822297610795,20.950763845656827,1429790404.3234031,1744667293.4436126,2096285697.4043474,11.401837355051061,15.304099065294846,20.43163447762522,277269304.6693693,314046751.2387497,351600637.7588044
NVIDIA B300 Q4 2025,Q4 2025,NVIDIA,B300,2025-10-01,2025-12-31,67955.40794181761,75605.76018727533,84785.96059435383,1087286527.0690818,1323100803.2773182,1610933251.292723,5.862547254189384,6.9681199180741356,8.05554935144599,76140.27079292064,82342.59860405006,88880.24902928034,989823520.3079683,1399824176.268851,1777604980.5856068,35.936410993708854,41.62659013158929,48.370203553349846,6041369243.844474,6721170593.92824,7543298029.532708,48.17678822842482,58.95763678884421,73.52142328979248,629003886.2206273,691874301.9381585,759674135.8253834
NVIDIA H100/H200 Q4 2025,Q4 2025,NVIDIA,H100/H200,2025-10-01,2025-12-31,459.35277453894156,735.9703505690763,1025.9480790167217,7349644.392623065,12879481.134958835,19493013.501317713,0.039628595113184124,0.0678298802394093,0.09747575335120727,1073.0551212122325,1719.2380181684512,2396.6304359252686,10730551.212122325,20630856.218021415,33552826.102953758,0.5064566943774549,0.8691250644769422,1.304288672612391,67855468.23285648,109738860.06406906,154939164.20427346,0.5411121868648842,0.9626215795093778,1.5101283060845367,37416079.279994026,60209069.78178167,83751635.10452092
AMD MI300X Q1 2026,Q1 2026,AMD,MI300X,2026-01-01,2026-03-31,10.892316474948212,35.72281445613909,62.239194238982826,174277.06359917138,625149.2529824341,1182544.6905406737,,,,73.42228142372497,240.798230778419,419.5382722775879,734222.8142372497,2889578.769341028,5873535.8118862305,,,,2520168.715793548,8312631.378703349,14466246.948971534,,,,1112054.594407003,3688833.5581395295,6430338.496416575
AMD MI325X Q1 2026,Q1 2026,AMD,MI325X,2026-01-01,2026-03-31,105.89594591964926,162.10360972675704,230.69287197806509,1694335.1347143883,2836813.1702182484,4383164.567583237,,,,713.8171169398579,1092.6984063062882,1555.040840741031,7138171.169398579,13112380.875675458,21770571.770374432,,,,50676621.218087666,77293083.12195593,110713300.90902843,,,,13399831.471233156,20499822.47044432,29208729.199478768
AMD MI350X Q1 2026,Q1 2026,AMD,MI350X,2026-01-01,2026-03-31,153.09407284074462,209.61454324487843,281.3543737033945,2602599.2382926587,4192290.8648975687,6189796.221474679,,,,953.6484954038049,1305.7239256295552,1752.6032861940614,9536484.954038048,15668687.107554663,24536446.00671686,,,,71223899.18111001,103426661.30729495,144523881.56789237,,,,18869514.82056323,25859859.313539032,34670596.81228792
AMD MI355X Q1 2026,Q1 2026,AMD,MI355X,2026-01-01,2026-03-31,316.6006981892126,403.5226346300383,513.1962130060625,5382211.869216614,8070452.692600765,11290316.686133375,,,,1972.1585158036366,2513.609744882947,3196.784743516931,19721585.158036366,30163316.938595362,44754986.409237035,,,,135671332.59049284,185867701.50799435,247869210.20084658,,,,52025811.52675337,66383063.2045386,84316004.90997036
Amazon Trainium2 Q1 2026,Q1 2026,Amazon,Trainium2,2026-01-01,2026-03-31,1760.3353815556122,2212.3634993193173,2670.4544101937126,28165366.104889795,38716361.23808805,50738633.79368054,,,,4210.1354542205045,5291.2360358720325,6386.836797713296,42101354.54220504,63494832.43046439,89415715.16798614,,,,161459279.21965694,206042587.59317794,253576215.19712573,,,,124537013.50390013,156220941.2376576,188112821.38247538
Google TPU v6e Q1 2026,Q1 2026,Google,TPU v6e,2026-01-01,2026-03-31,274.8770076503478,581.7355298646172,886.8787443732605,4398032.122405565,10180371.772630801,16850696.14309195,,,,545.6817633355054,1154.8527555830917,1760.6185443854354,5456817.633355054,13858233.066997102,24648659.621396095,,,,10194299.395161847,21548615.685704865,33102755.47627842,,,,19657636.32711092,41280424.194994755,63165418.27880531
Google TPU v7 Q1 2026,Q1 2026,Google,TPU v7,2026-01-01,2026-03-31,1361.0197757941278,1654.9315406436176,1969.7545996040822,23137336.188500173,33098630.812872354,43334601.191289805,,,,4458.419940151003,5421.214233338518,6452.5096110046425,44584199.40151003,65054570.80006222,90335134.55406499,,,,275302722.74530846,341463310.8794028,415129352.7785896,,,,128919567.72870165,156528167.528379,185904261.20171267
Other Q1 2024,Q1 2024,Other,Other,2024-01-01,2024-03-31,439807.81509158114,439807.81509158114,439807.81509158114,8246396532.967147,8246396532.967147,8246396532.967147,94.38418187035107,94.38418187035107,94.38418187035107,7589.683063566044,7589.683063566044,7589.683063566044,91076196.76279253,91076196.76279253,91076196.76279253,12.973817202677,12.973817202677,12.973817202677,822731592.8051045,822731592.8051045,822731592.8051045,32.90926371220418,32.90926371220418,32.90926371220418,0.0,0.0,0.0
Other Q2 2024,Q2 2024,Other,Other,2024-04-01,2024-06-30,532892.4168169731,532892.4168169731,532892.4168169731,9991732815.318247,9991732815.318247,9991732815.318247,94.13740363813842,94.13740363813842,94.13740363813842,11961.676988432562,11961.676988432562,11961.676988432562,143540123.86119074,143540123.86119074,143540123.86119074,15.636179069846486,15.636179069846486,15.636179069846486,1193531111.6581697,1193531111.6581697,1193531111.6581697,34.10088890451913,34.10088890451913,34.10088890451913,0.0,0.0,0.0
Other Q3 2024,Q3 2024,Other,Other,2024-07-01,2024-09-30,579504.5633043362,579504.5633043362,579504.5633043362,10865710561.956303,10865710561.956303,10865710561.956303,92.49638967880614,92.49638967880614,92.49638967880614,13526.990215525424,13526.990215525424,13526.990215525424,162323882.58630508,162323882.58630508,162323882.58630508,13.66362648032871,13.66362648032871,13.66362648032871,1580698894.8104672,1580698894.8104672,1580698894.8104672,32.128026317285915,32.128026317285915,32.128026317285915,0.0,0.0,0.0
Other Q4 2024,Q4 2024,Other,Other,2024-10-01,2024-12-31,766350.6333489886,766350.6333489886,766350.6333489886,14369074375.293537,14369074375.293537,14369074375.293537,91.60612078966736,91.60612078966736,91.60612078966736,2959.489227222948,2959.489227222948,2959.489227222948,35513870.72667538,35513870.72667538,35513870.72667538,2.5294779719854255,2.5294779719854255,2.5294779719854255,2654605395.9063187,2654605395.9063187,2654605395.9063187,35.58452273332867,35.58452273332867,35.58452273332867,0.0,0.0,0.0
Other Q1 2025,Q1 2025,Other,Other,2025-01-01,2025-03-31,681444.2227048526,681444.2227048526,681444.2227048526,12777079175.715986,12777079175.715986,12777079175.715986,89.4395542300119,89.4395542300119,89.4395542300119,1831.5619446845376,1831.5619446845376,1831.5619446845376,21978743.336214453,21978743.336214453,21978743.336214453,1.4689218603986265,1.4689218603986265,1.4689218603986265,945799583.7071171,945799583.7071171,945799583.7071171,14.595672588072794,14.595672588072794,14.595672588072794,0.0,0.0,0.0
Other Q2 2025,Q2 2025,Other,Other,2025-04-01,2025-06-30,841592.835132129,841592.835132129,841592.835132129,15779865658.727419,15779865658.727419,15779865658.727419,90.75019660129591,90.75019660129591,90.75019660129591,24978.99946782949,24978.99946782949,24978.99946782949,299747993.6139539,299747993.6139539,299747993.6139539,16.757400062275547,16.757400062275547,16.757400062275547,1575445951.0792856,1575445951.0792856,1575445951.0792856,20.043841616784803,20.043841616784803,20.043841616784803,0.0,0.0,0.0
Other Q3 2025,Q3 2025,Other,Other,2025-07-01,2025-09-30,947920.3285689867,947920.3285689867,947920.3285689867,17773506160.668503,17773506160.668503,17773506160.668503,89.86176024895408,89.86176024895408,89.86176024895408,24888.17473779063,24888.17473779063,24888.17473779063,298658096.85348755,298658096.85348755,298658096.85348755,14.349938587554956,14.349938587554956,14.349938587554956,746241139.9120064,746241139.9120064,746241139.9120064,7.880054275733964,7.880054275733964,7.880054275733964,0.0,0.0,0.0
Other Q4 2025,Q4 2025,Other,Other,2025-10-01,2025-12-31,958216.8433202058,958216.8433202058,958216.8433202058,17966565812.25386,17966565812.25386,17966565812.25386,88.3129784719419,88.3129784719419,88.3129784719419,31240.67621515281,31240.67621515281,31240.67621515281,374888114.5818337,374888114.5818337,374888114.5818337,15.793074863900314,15.793074863900314,15.793074863900314,399337952.6922569,399337952.6922569,399337952.6922569,3.5029644973004994,3.5029644973004994,3.5029644973004994,0.0,0.0,0.0
